-- MySQL dump 10.13  Distrib 8.0.19, for Win64 (x86_64)
--
-- Host: localhost    Database: online_courses
-- ------------------------------------------------------
-- Server version	8.0.19

/*!40101 SET @OLD_CHARACTER_SET_CLIENT=@@CHARACTER_SET_CLIENT */;
/*!40101 SET @OLD_CHARACTER_SET_RESULTS=@@CHARACTER_SET_RESULTS */;
/*!40101 SET @OLD_COLLATION_CONNECTION=@@COLLATION_CONNECTION */;
/*!50503 SET NAMES utf8 */;
/*!40103 SET @OLD_TIME_ZONE=@@TIME_ZONE */;
/*!40103 SET TIME_ZONE='+00:00' */;
/*!40014 SET @OLD_UNIQUE_CHECKS=@@UNIQUE_CHECKS, UNIQUE_CHECKS=0 */;
/*!40014 SET @OLD_FOREIGN_KEY_CHECKS=@@FOREIGN_KEY_CHECKS, FOREIGN_KEY_CHECKS=0 */;
/*!40101 SET @OLD_SQL_MODE=@@SQL_MODE, SQL_MODE='NO_AUTO_VALUE_ON_ZERO' */;
/*!40111 SET @OLD_SQL_NOTES=@@SQL_NOTES, SQL_NOTES=0 */;

--
-- Table structure for table `admins`
--

DROP TABLE IF EXISTS `admins`;
/*!40101 SET @saved_cs_client     = @@character_set_client */;
/*!50503 SET character_set_client = utf8mb4 */;
CREATE TABLE `admins` (
  `a_ID` int NOT NULL AUTO_INCREMENT,
  `a_Username` varchar(50) CHARACTER SET utf8 COLLATE utf8_unicode_ci NOT NULL,
  `a_Password` varchar(255) CHARACTER SET utf8 COLLATE utf8_unicode_ci NOT NULL,
  `a_Name` varchar(50) CHARACTER SET utf8 COLLATE utf8_unicode_ci NOT NULL,
  `a_Email` varchar(50) CHARACTER SET utf8 COLLATE utf8_unicode_ci NOT NULL,
  `a_DOB` date NOT NULL,
  PRIMARY KEY (`a_ID`) USING BTREE
) ENGINE=MyISAM AUTO_INCREMENT=2 DEFAULT CHARSET=utf8 COLLATE=utf8_unicode_ci;
/*!40101 SET character_set_client = @saved_cs_client */;

--
-- Dumping data for table `admins`
--

LOCK TABLES `admins` WRITE;
/*!40000 ALTER TABLE `admins` DISABLE KEYS */;
INSERT INTO `admins` VALUES (1,'admin','$2a$10$1fMjz0icubV01/A4a/Gh.u6J3xbW4uswEwRvY39sW.cblaM3V0/4a','admin1','admin1@gmail.com','1999-12-12');
/*!40000 ALTER TABLE `admins` ENABLE KEYS */;
UNLOCK TABLES;

--
-- Table structure for table `categories`
--

DROP TABLE IF EXISTS `categories`;
/*!40101 SET @saved_cs_client     = @@character_set_client */;
/*!50503 SET character_set_client = utf8mb4 */;
CREATE TABLE `categories` (
  `CatID` int unsigned NOT NULL AUTO_INCREMENT,
  `CatName` varchar(50) CHARACTER SET utf8 COLLATE utf8_unicode_ci NOT NULL,
  `CatParentID` int unsigned DEFAULT NULL,
  PRIMARY KEY (`CatID`) USING BTREE,
  KEY `fk_categories_categories` (`CatParentID`),
  FULLTEXT KEY `CatName` (`CatName`)
) ENGINE=MyISAM AUTO_INCREMENT=24 DEFAULT CHARSET=utf8 COLLATE=utf8_unicode_ci;
/*!40101 SET character_set_client = @saved_cs_client */;

--
-- Dumping data for table `categories`
--

LOCK TABLES `categories` WRITE;
/*!40000 ALTER TABLE `categories` DISABLE KEYS */;
INSERT INTO `categories` VALUES (1,'IT',0),(2,'Web',1),(3,'Mobile',1),(21,'Marketing',0),(18,'Calculus',16),(17,'Algebra',16),(16,'Math',0),(15,'Machine Learning',1),(22,'Digital Marketing',21),(23,'Branding',21);
/*!40000 ALTER TABLE `categories` ENABLE KEYS */;
UNLOCK TABLES;

--
-- Table structure for table `chapters`
--

DROP TABLE IF EXISTS `chapters`;
/*!40101 SET @saved_cs_client     = @@character_set_client */;
/*!50503 SET character_set_client = utf8mb4 */;
CREATE TABLE `chapters` (
  `ChapterID` int unsigned NOT NULL AUTO_INCREMENT,
  `CourseID` int NOT NULL,
  `ChapterNo` int NOT NULL,
  `ChapterName` varchar(150) CHARACTER SET utf8 COLLATE utf8_unicode_ci NOT NULL,
  PRIMARY KEY (`ChapterID`) USING BTREE,
  KEY `fk_chapters_courses` (`CourseID`)
) ENGINE=MyISAM AUTO_INCREMENT=25 DEFAULT CHARSET=utf8 COLLATE=utf8_unicode_ci;
/*!40101 SET character_set_client = @saved_cs_client */;

--
-- Dumping data for table `chapters`
--

LOCK TABLES `chapters` WRITE;
/*!40000 ALTER TABLE `chapters` DISABLE KEYS */;
INSERT INTO `chapters` VALUES (1,1,1,'Introduction'),(2,1,2,'Conclusion'),(3,2,1,'Introduction'),(4,3,1,'Introduction'),(5,4,1,'Introduction'),(6,5,1,'Introduction'),(7,6,1,'Introduction'),(8,7,1,'Introduction'),(9,8,1,'Introduction'),(10,9,1,'Introduction'),(11,10,1,'Introduction'),(12,11,1,'Introduction'),(13,5,2,'End'),(14,12,1,'Introduction'),(15,13,1,'Introduction'),(16,14,1,'Introduction'),(17,15,1,'Introduction'),(18,16,1,'Introduction'),(19,17,1,'Introduction'),(20,17,2,'Partial Derivatives'),(21,18,1,'Introduction'),(22,19,1,'Introduction'),(23,20,1,'Introduction'),(24,21,1,'Introduction');
/*!40000 ALTER TABLE `chapters` ENABLE KEYS */;
UNLOCK TABLES;

--
-- Table structure for table `courses`
--

DROP TABLE IF EXISTS `courses`;
/*!40101 SET @saved_cs_client     = @@character_set_client */;
/*!50503 SET character_set_client = utf8mb4 */;
CREATE TABLE `courses` (
  `CourseID` int unsigned NOT NULL AUTO_INCREMENT,
  `CatID` int NOT NULL,
  `CourseName` varchar(150) CHARACTER SET utf8 COLLATE utf8_unicode_ci NOT NULL,
  `TinyDes` varchar(255) CHARACTER SET utf8 COLLATE utf8_unicode_ci NOT NULL DEFAULT '',
  `FullDes` text CHARACTER SET utf8 COLLATE utf8_unicode_ci NOT NULL,
  `Price` int NOT NULL,
  `PricePromotion` int DEFAULT NULL,
  `LastUpdate` date NOT NULL,
  `Active` tinyint(1) NOT NULL,
  `NumberSeen` int unsigned NOT NULL,
  `IsDisable` tinyint(1) NOT NULL DEFAULT '0',
  PRIMARY KEY (`CourseID`) USING BTREE,
  KEY `fk_courses_categories` (`CatID`),
  FULLTEXT KEY `CourseName` (`CourseName`)
) ENGINE=MyISAM AUTO_INCREMENT=22 DEFAULT CHARSET=utf8 COLLATE=utf8_unicode_ci;
/*!40101 SET character_set_client = @saved_cs_client */;

--
-- Dumping data for table `courses`
--

LOCK TABLES `courses` WRITE;
/*!40000 ALTER TABLE `courses` DISABLE KEYS */;
INSERT INTO `courses` VALUES (1,2,'The Web Developer Bootcamp 2020','JUST COMPLETELY REDONE - The only course you need to learn web development - HTML, CSS, JS, Node, and More!','<p><strong>What you\'ll learn</strong></p><ul><li>The ins and outs of HTML5, CSS3, and Modern JavaScript for 2021</li><li>Create responsive, accessible, and beautiful layouts</li><li>Continue to learn and grow as a developer, long after the course ends</li><li>Create a complicated yelp-like application from scratch</li><li>Create static HTML and CSS portfolio sites and landing pages</li><li>Create complex HTML forms with validations</li><li>Use CSS Frameworks including Bootstrap 5, Semantic UI, and Bulma</li></ul>',100000,0,'2021-01-17',0,222,0),(2,3,'Appium -Mobile Automation Testing from Scratch + Frameworks','Appium -Top class 200 +Lectures on Mobile Automation from basics to Framework level with real time examples','<h2 class=\"udlite-heading-xl what-you-will-learn--title--hropy\">What you\'ll learn</h2><div class=\"what-you-will-learn--content-spacing--3btHJ\"><ul class=\"unstyled-list udlite-block-list what-you-will-learn--objectives-list--2cWZN\"><li><div class=\"udlite-block-list-item udlite-block-list-item-small udlite-block-list-item-tight udlite-block-list-item-neutral udlite-text-sm\" data-purpose=\"objective\"><div class=\"udlite-block-list-item-content\"><span class=\"what-you-will-learn--objective-item--ECarc\">By the end of this course you will be able to automate any (Native,Hybrid) Apps in Android/IOS using Appium</span></div></div></li><li><div class=\"udlite-block-list-item udlite-block-list-item-small udlite-block-list-item-tight udlite-block-list-item-neutral udlite-text-sm\" data-purpose=\"objective\"><div class=\"udlite-block-list-item-content\"><span class=\"what-you-will-learn--objective-item--ECarc\">You will get complete knowledge on Latest Version of Selenium 3.0 where you will be in the position to automate any Mobile/Web application</span></div></div></li><li><div class=\"udlite-block-list-item udlite-block-list-item-small udlite-block-list-item-tight udlite-block-list-item-neutral udlite-text-sm\" data-purpose=\"objective\"><div class=\"udlite-block-list-item-content\"><span class=\"what-you-will-learn--objective-item--ECarc\">You will know the coding standards in writing the most optimized Mobile Automation Scripts</span></div></div></li><li><div class=\"udlite-block-list-item udlite-block-list-item-small udlite-block-list-item-tight udlite-block-list-item-neutral udlite-text-sm\" data-purpose=\"objective\"><div class=\"udlite-block-list-item-content\"><span class=\"what-you-will-learn--objective-item--ECarc\">You will understand appium framework components like TesNG,Maven,ANT,Jenkins,pageobject model etc</span></div></div></li><li><div class=\"udlite-block-list-item udlite-block-list-item-small udlite-block-list-item-tight udlite-block-list-item-neutral udlite-text-sm\" data-purpose=\"objective\"><div class=\"udlite-block-list-item-content\"><span class=\"what-you-will-learn--objective-item--ECarc\">You will be able to develop Mobile Automation framework from scratch</span></div></div></li><li><div class=\"udlite-block-list-item udlite-block-list-item-small udlite-block-list-item-tight udlite-block-list-item-neutral udlite-text-sm\" data-purpose=\"objective\"><div class=\"udlite-block-list-item-content\"><span class=\"what-you-will-learn--objective-item--ECarc\">You will be able to create GREAT LOOKING REPORTS using the best advanced REPORTING TOOL</span></div></div></li><li><div class=\"udlite-block-list-item udlite-block-list-item-small udlite-block-list-item-tight udlite-block-list-item-neutral udlite-text-sm\" data-purpose=\"objective\"><div class=\"udlite-block-list-item-content\"><span class=\"what-you-will-learn--objective-item--ECarc\">\"Last but not least\" you can clear any Interview and can Lead Entire Appium Automation Project from Design Stage</span></div></div></li></ul></div>',50000,10,'2021-01-17',1,239,0),(3,3,'Mobile App Marketing 2021: ASO, Advertising & Monetization','Create a great mobile app business! Get 1,000,000+ downloads with app store optimization ASO (SEO) & strong monetization','<h2 class=\"udlite-heading-xl what-you-will-learn--title--hropy\">What you\'ll learn</h2><div class=\"what-you-will-learn--content-spacing--3btHJ\"><ul class=\"unstyled-list udlite-block-list what-you-will-learn--objectives-list--2cWZN\"><li><div class=\"udlite-block-list-item udlite-block-list-item-small udlite-block-list-item-tight udlite-block-list-item-neutral udlite-text-sm\" data-purpose=\"objective\"><div class=\"udlite-block-list-item-content\"><span class=\"what-you-will-learn--objective-item--ECarc\">Get 1,000,000+ downloads for your app</span></div></div></li><li><div class=\"udlite-block-list-item udlite-block-list-item-small udlite-block-list-item-tight udlite-block-list-item-neutral udlite-text-sm\" data-purpose=\"objective\"><div class=\"udlite-block-list-item-content\"><span class=\"what-you-will-learn--objective-item--ECarc\">Top app monetization strategies</span></div></div></li><li><div class=\"udlite-block-list-item udlite-block-list-item-small udlite-block-list-item-tight udlite-block-list-item-neutral udlite-text-sm\" data-purpose=\"objective\"><div class=\"udlite-block-list-item-content\"><span class=\"what-you-will-learn--objective-item--ECarc\">Improve user retention, engagement, reviews and minimize uninstalls</span></div></div></li><li><div class=\"udlite-block-list-item udlite-block-list-item-small udlite-block-list-item-tight udlite-block-list-item-neutral udlite-text-sm\" data-purpose=\"objective\"><div class=\"udlite-block-list-item-content\"><span class=\"what-you-will-learn--objective-item--ECarc\">Personal help from the instructor in office hours and via messages in the course</span></div></div></li><li><div class=\"udlite-block-list-item udlite-block-list-item-small udlite-block-list-item-tight udlite-block-list-item-neutral udlite-text-sm\" data-purpose=\"objective\"><div class=\"udlite-block-list-item-content\"><span class=\"what-you-will-learn--objective-item--ECarc\">You will learn ASO (app store search optimization) and rank highly in Apple App Store and Google Play</span></div></div></li><li><div class=\"udlite-block-list-item udlite-block-list-item-small udlite-block-list-item-tight udlite-block-list-item-neutral udlite-text-sm\" data-purpose=\"objective\"><div class=\"udlite-block-list-item-content\"><span class=\"what-you-will-learn--objective-item--ECarc\">Get publicity for your app which will give you wide exposure</span></div></div></li><li><div class=\"udlite-block-list-item udlite-block-list-item-small udlite-block-list-item-tight udlite-block-list-item-neutral udlite-text-sm\" data-purpose=\"objective\"><div class=\"udlite-block-list-item-content\"><span class=\"what-you-will-learn--objective-item--ECarc\">Learn about mobile app business models</span></div></div></li><li><div class=\"udlite-block-list-item udlite-block-list-item-small udlite-block-list-item-tight udlite-block-list-item-neutral udlite-text-sm\" data-purpose=\"objective\"><div class=\"udlite-block-list-item-content\"><span class=\"what-you-will-learn--objective-item--ECarc\">You will learn how to grow your business beyond just apps</span></div></div></li><li><div class=\"udlite-block-list-item udlite-block-list-item-small udlite-block-list-item-tight udlite-block-list-item-neutral udlite-text-sm\" data-purpose=\"objective\"><div class=\"udlite-block-list-item-content\"><span class=\"what-you-will-learn--objective-item--ECarc\">You will be able to more accurately predict which app ideas might be good and which might not be too good</span></div></div></li></ul></div>',99000,0,'2021-01-17',0,105,0),(4,3,'Running a Mobile App Dev Business: The Complete Guide','Learn how to start and grow a mobile app development business. Get up & running in less than 1 week.','<h2 class=\"udlite-heading-xl what-you-will-learn--title--hropy\">What you\'ll learn</h2><div class=\"what-you-will-learn--content-spacing--3btHJ show-more--container--1QLmn\"><div class=\"show-more--content--isg5c show-more--with-gradient--2abmN\"><div><ul class=\"unstyled-list udlite-block-list what-you-will-learn--objectives-list--2cWZN\"><li><div class=\"udlite-block-list-item udlite-block-list-item-small udlite-block-list-item-tight udlite-block-list-item-neutral udlite-text-sm\" data-purpose=\"objective\"><div class=\"udlite-block-list-item-content\">Choose the most effective platform strategy for your business</div></div></li><li><div class=\"udlite-block-list-item udlite-block-list-item-small udlite-block-list-item-tight udlite-block-list-item-neutral udlite-text-sm\" data-purpose=\"objective\"><div class=\"udlite-block-list-item-content\">Understand the advantages and disadvantages of Native vs. Hybrid and iOS vs. Android apps</div></div></li><li><div class=\"udlite-block-list-item udlite-block-list-item-small udlite-block-list-item-tight udlite-block-list-item-neutral udlite-text-sm\" data-purpose=\"objective\"><div class=\"udlite-block-list-item-content\">Predict the timeline for starting your business and effectively allocate your time</div></div></li><li><div class=\"udlite-block-list-item udlite-block-list-item-small udlite-block-list-item-tight udlite-block-list-item-neutral udlite-text-sm\" data-purpose=\"objective\"><div class=\"udlite-block-list-item-content\">Decide between hiring in-house employees or contractors</div></div></li><li><div class=\"udlite-block-list-item udlite-block-list-item-small udlite-block-list-item-tight udlite-block-list-item-neutral udlite-text-sm\" data-purpose=\"objective\"><div class=\"udlite-block-list-item-content\">Choose whether or not to offer generalized or specialized mobile services</div></div></li><li><div class=\"udlite-block-list-item udlite-block-list-item-small udlite-block-list-item-tight udlite-block-list-item-neutral udlite-text-sm\" data-purpose=\"objective\"><div class=\"udlite-block-list-item-content\">Understand the different types of contractors and where to find them</div></div></li><li><div class=\"udlite-block-list-item udlite-block-list-item-small udlite-block-list-item-tight udlite-block-list-item-neutral udlite-text-sm\" data-purpose=\"objective\"><div class=\"udlite-block-list-item-content\">Recognize the core components of successful mobile development firms</div></div></li><li><div class=\"udlite-block-list-item udlite-block-list-item-small udlite-block-list-item-tight udlite-block-list-item-neutral udlite-text-sm\" data-purpose=\"objective\"><div class=\"udlite-block-list-item-content\">Discover cheap and professional ways of creating an online presence</div></div></li><li><div class=\"udlite-block-list-item udlite-block-list-item-small udlite-block-list-item-tight udlite-block-list-item-neutral udlite-text-sm\" data-purpose=\"objective\"><div class=\"udlite-block-list-item-content\">Select a name that\'s attractive and conveys your core messaging</div></div></li><li><div class=\"udlite-block-list-item udlite-block-list-item-small udlite-block-list-item-tight udlite-block-list-item-neutral udlite-text-sm\" data-purpose=\"objective\"><div class=\"udlite-block-list-item-content\">Master the biggest platforms for contracting: Freelancer and Upwork</div></div></li><li><div class=\"udlite-block-list-item udlite-block-list-item-small udlite-block-list-item-tight udlite-block-list-item-neutral udlite-text-sm\" data-purpose=\"objective\"><div class=\"udlite-block-list-item-content\">Use advanced search techniques to find specialty contractors</div></div></li><li><div class=\"udlite-block-list-item udlite-block-list-item-small udlite-block-list-item-tight udlite-block-list-item-neutral udlite-text-sm\" data-purpose=\"objective\"><div class=\"udlite-block-list-item-content\">Create and organize a professional and effective portfolio</div></div></li><li><div class=\"udlite-block-list-item udlite-block-list-item-small udlite-block-list-item-tight udlite-block-list-item-neutral udlite-text-sm\" data-purpose=\"objective\"><div class=\"udlite-block-list-item-content\">Use uncommon techniques to grow your portfolio faster</div></div></li><li><div class=\"udlite-block-list-item udlite-block-list-item-small udlite-block-list-item-tight udlite-block-list-item-neutral udlite-text-sm\" data-purpose=\"objective\"><div class=\"udlite-block-list-item-content\">Utilize 15 different strategies to find and attract potential clients</div></div></li><li><div class=\"udlite-block-list-item udlite-block-list-item-small udlite-block-list-item-tight udlite-block-list-item-neutral udlite-text-sm\" data-purpose=\"objective\"><div class=\"udlite-block-list-item-content\">Create different types of proposals (using Proposify and Nusii) and understand when to use each</div></div></li><li><div class=\"udlite-block-list-item udlite-block-list-item-small udlite-block-list-item-tight udlite-block-list-item-neutral udlite-text-sm\" data-purpose=\"objective\"><div class=\"udlite-block-list-item-content\">Use ballpark estimates to strategically to close clients sooner</div></div></li><li><div class=\"udlite-block-list-item udlite-block-list-item-small udlite-block-list-item-tight udlite-block-list-item-neutral udlite-text-sm\" data-purpose=\"objective\"><div class=\"udlite-block-list-item-content\">Manage clients effectively and use your time efficiently</div></div></li><li><div class=\"udlite-block-list-item udlite-block-list-item-small udlite-block-list-item-tight udlite-block-list-item-neutral udlite-text-sm\" data-purpose=\"objective\"><div class=\"udlite-block-list-item-content\">Keep client retention rates high and minimize churn</div></div></li><li><div class=\"udlite-block-list-item udlite-block-list-item-small udlite-block-list-item-tight udlite-block-list-item-neutral udlite-text-sm\" data-purpose=\"objective\"><div class=\"udlite-block-list-item-content\">Sniff out a client\'s budget before they tell you</div></div></li><li><div class=\"udlite-block-list-item udlite-block-list-item-small udlite-block-list-item-tight udlite-block-list-item-neutral udlite-text-sm\" data-purpose=\"objective\"><div class=\"udlite-block-list-item-content\">Use advanced best practices to maintain your businesses growth</div></div></li><li><div class=\"udlite-block-list-item udlite-block-list-item-small udlite-block-list-item-tight udlite-block-list-item-neutral udlite-text-sm\" data-purpose=\"objective\"><div class=\"udlite-block-list-item-content\">Figure out the optimal pricing configuration for your rates</div></div></li><li><div class=\"udlite-block-list-item udlite-block-list-item-small udlite-block-list-item-tight udlite-block-list-item-neutral udlite-text-sm\" data-purpose=\"objective\"><div class=\"udlite-block-list-item-content\">Learn how to handle client meetings in person</div></div></li><li><div class=\"udlite-block-list-item udlite-block-list-item-small udlite-block-list-item-tight udlite-block-list-item-neutral udlite-text-sm\" data-purpose=\"objective\"><div class=\"udlite-block-list-item-content\">Make long term decisions about which clients to retain and which to lose</div></div></li><li><div class=\"udlite-block-list-item udlite-block-list-item-small udlite-block-list-item-tight udlite-block-list-item-neutral udlite-text-sm\" data-purpose=\"objective\"><div class=\"udlite-block-list-item-content\">Integrate Asana into your workflow to increase transparency and efficiency</div></div></li></ul></div></div></div>',10000,90,'2021-01-17',1,209,0),(5,3,'UI/UX design with Adobe XD: Design & Prototype a Mobile App','Learn how to design a beautiful and engaging mobile app with Adobe Experience Design (XD). Learn-by-doing approach.','<h2 class=\"udlite-heading-xl what-you-will-learn--title--hropy\">What you\'ll learn</h2><div class=\"what-you-will-learn--content-spacing--3btHJ\"><ul class=\"unstyled-list udlite-block-list what-you-will-learn--objectives-list--2cWZN\"><li><div class=\"udlite-block-list-item udlite-block-list-item-small udlite-block-list-item-tight udlite-block-list-item-neutral udlite-text-sm\" data-purpose=\"objective\"><div class=\"udlite-block-list-item-content\"><span class=\"what-you-will-learn--objective-item--ECarc\">You\'ll learn how to use Adobe XD to design and prototype a mobile app. The skills acquired can also be used to design websites</span></div></div></li><li><div class=\"udlite-block-list-item udlite-block-list-item-small udlite-block-list-item-tight udlite-block-list-item-neutral udlite-text-sm\" data-purpose=\"objective\"><div class=\"udlite-block-list-item-content\"><span class=\"what-you-will-learn--objective-item--ECarc\">You\'ll be able to apply the design techniques and productivity tips you have learned in your own design workflow</span></div></div></li><li><div class=\"udlite-block-list-item udlite-block-list-item-small udlite-block-list-item-tight udlite-block-list-item-neutral udlite-text-sm\" data-purpose=\"objective\"><div class=\"udlite-block-list-item-content\"><span class=\"what-you-will-learn--objective-item--ECarc\">You\'ll be one step closer to becoming a good UI/UX designer</span></div></div></li></ul></div><div id=\"gtx-trans\" style=\"position: absolute; left: 64px; top: 39.4px;\"><div class=\"gtx-trans-icon\">&nbsp;</div></div>',75000,0,'2021-01-17',1,29,0),(6,3,'Mobile Penetration Testing of Android Applications','Computer security is no more about PCs. Is your TV, fridge and mobile phone. Learn to audit mobile apps!','<p>You already know some computer and network ethical hacking? What about moving forward and applying it to mobile apps as well? This course is for the beginners and may be useful for some advanced users as well.</p><p>Android Hacking and Penetration Testing course is a hands-on video course. The course will focus on the tools and techniques for testing the Security of Android Mobile applications.&nbsp;Android, the Google operating system that&rsquo;s&nbsp;on 80% of the world&rsquo;s smartphones. In extreme cases, hackers with malicious intent can do much more than send premium text messages. In this video you will learn how&nbsp;to hack Android applications.&nbsp;</p><p>In this course you will apply web&nbsp;hacking techniques you&nbsp;<em>already know</em>&nbsp;on Android environment. Furthermore, we are going to explore OWASP Top Ten Mobile and Web most common vulnerabilities.&nbsp;This is an&nbsp;<em>intermediate level</em>&nbsp;course.&nbsp;</p>',80000,0,'2021-01-17',1,29,0),(7,2,'The Complete Front-End Web Development Course!','Get started as a front-end web developer using HTML, CSS, JavaScript, jQuery, and Bootstrap!','<h2 class=\"udlite-heading-xl what-you-will-learn--title--hropy\">What you\'ll learn</h2><div class=\"what-you-will-learn--content-spacing--3btHJ\"><ul class=\"unstyled-list udlite-block-list what-you-will-learn--objectives-list--2cWZN\"><li><div class=\"udlite-block-list-item udlite-block-list-item-small udlite-block-list-item-tight udlite-block-list-item-neutral udlite-text-sm\" data-purpose=\"objective\"><div class=\"udlite-block-list-item-content\"><span class=\"what-you-will-learn--objective-item--ECarc\">Build a simple HTML text site</span></div></div></li><li><div class=\"udlite-block-list-item udlite-block-list-item-small udlite-block-list-item-tight udlite-block-list-item-neutral udlite-text-sm\" data-purpose=\"objective\"><div class=\"udlite-block-list-item-content\"><span class=\"what-you-will-learn--objective-item--ECarc\">Style web pages using CSS</span></div></div></li><li><div class=\"udlite-block-list-item udlite-block-list-item-small udlite-block-list-item-tight udlite-block-list-item-neutral udlite-text-sm\" data-purpose=\"objective\"><div class=\"udlite-block-list-item-content\"><span class=\"what-you-will-learn--objective-item--ECarc\">Program websites with JavaScript</span></div></div></li><li><div class=\"udlite-block-list-item udlite-block-list-item-small udlite-block-list-item-tight udlite-block-list-item-neutral udlite-text-sm\" data-purpose=\"objective\"><div class=\"udlite-block-list-item-content\"><span class=\"what-you-will-learn--objective-item--ECarc\">Build a Pipboy using Bootstrap</span></div></div></li><li><div class=\"udlite-block-list-item udlite-block-list-item-small udlite-block-list-item-tight udlite-block-list-item-neutral udlite-text-sm\" data-purpose=\"objective\"><div class=\"udlite-block-list-item-content\"><span class=\"what-you-will-learn--objective-item--ECarc\">Build and publish a Google Chrome Extension</span></div></div></li></ul></div>',20000,0,'2021-01-17',1,25,0),(8,2,'Web Design for Beginners: Real World Coding in HTML & CSS','Launch a career as a web designer by learning HTML5, CSS3, responsive design, Sass and more!','<h2 class=\"udlite-heading-xl what-you-will-learn--title--hropy\">What you\'ll learn</h2><div class=\"what-you-will-learn--content-spacing--3btHJ\"><ul class=\"unstyled-list udlite-block-list what-you-will-learn--objectives-list--2cWZN\"><li><div class=\"udlite-block-list-item udlite-block-list-item-small udlite-block-list-item-tight udlite-block-list-item-neutral udlite-text-sm\" data-purpose=\"objective\"><div class=\"udlite-block-list-item-content\"><span class=\"what-you-will-learn--objective-item--ECarc\">Create any website layout you can imagine</span></div></div></li><li><div class=\"udlite-block-list-item udlite-block-list-item-small udlite-block-list-item-tight udlite-block-list-item-neutral udlite-text-sm\" data-purpose=\"objective\"><div class=\"udlite-block-list-item-content\"><span class=\"what-you-will-learn--objective-item--ECarc\">Support any device size with Responsive (mobile-friendly) Design</span></div></div></li><li><div class=\"udlite-block-list-item udlite-block-list-item-small udlite-block-list-item-tight udlite-block-list-item-neutral udlite-text-sm\" data-purpose=\"objective\"><div class=\"udlite-block-list-item-content\"><span class=\"what-you-will-learn--objective-item--ECarc\">Add tasteful animations and effects with CSS3</span></div></div></li><li><div class=\"udlite-block-list-item udlite-block-list-item-small udlite-block-list-item-tight udlite-block-list-item-neutral udlite-text-sm\" data-purpose=\"objective\"><div class=\"udlite-block-list-item-content\"><span class=\"what-you-will-learn--objective-item--ECarc\">Use common vocabulary from the design industry</span></div></div></li></ul></div>',17000,0,'2021-01-17',0,12,0),(9,2,'Beginner Full Stack Web Development: HTML, CSS, React & Node','Learn web development with HTML, CSS, Bootstrap 4, ES6 React and Node','<h2 class=\"udlite-heading-xl what-you-will-learn--title--hropy\">What you\'ll learn</h2><div class=\"what-you-will-learn--content-spacing--3btHJ\"><ul class=\"unstyled-list udlite-block-list what-you-will-learn--objectives-list--2cWZN\"><li><div class=\"udlite-block-list-item udlite-block-list-item-small udlite-block-list-item-tight udlite-block-list-item-neutral udlite-text-sm\" data-purpose=\"objective\"><div class=\"udlite-block-list-item-content\"><span class=\"what-you-will-learn--objective-item--ECarc\">Build websites with HTML &amp; CSS</span></div></div></li><li><div class=\"udlite-block-list-item udlite-block-list-item-small udlite-block-list-item-tight udlite-block-list-item-neutral udlite-text-sm\" data-purpose=\"objective\"><div class=\"udlite-block-list-item-content\"><span class=\"what-you-will-learn--objective-item--ECarc\">Build backend servers &amp; APIs with Node and Express</span></div></div></li><li><div class=\"udlite-block-list-item udlite-block-list-item-small udlite-block-list-item-tight udlite-block-list-item-neutral udlite-text-sm\" data-purpose=\"objective\"><div class=\"udlite-block-list-item-content\"><span class=\"what-you-will-learn--objective-item--ECarc\">Work with NoSQL databases like MongoDB</span></div></div></li><li><div class=\"udlite-block-list-item udlite-block-list-item-small udlite-block-list-item-tight udlite-block-list-item-neutral udlite-text-sm\" data-purpose=\"objective\"><div class=\"udlite-block-list-item-content\"><span class=\"what-you-will-learn--objective-item--ECarc\">Build full-stack web apps with Facebook\'s React Framework</span></div></div></li><li><div class=\"udlite-block-list-item udlite-block-list-item-small udlite-block-list-item-tight udlite-block-list-item-neutral udlite-text-sm\" data-purpose=\"objective\"><div class=\"udlite-block-list-item-content\"><span class=\"what-you-will-learn--objective-item--ECarc\">Build mobile-friendly websites with Bootstrap 4 &amp; CSS</span></div></div></li></ul></div>',32000,0,'2021-01-17',0,100,0),(10,2,'The Complete 2020 Web Development Course - Build 15 Projects','The only course you need to become a full-stack web developer. Covers HTML5, CSS3, JS, ES6, Node, APIs, Mobile & more!','<h2 class=\"udlite-heading-xl what-you-will-learn--title--hropy\">What you\'ll learn</h2><div class=\"what-you-will-learn--content-spacing--3btHJ show-more--container--1QLmn\"><div class=\"show-more--content--isg5c show-more--with-gradient--2abmN\"><div><ul class=\"unstyled-list udlite-block-list what-you-will-learn--objectives-list--2cWZN\"><li><div class=\"udlite-block-list-item udlite-block-list-item-small udlite-block-list-item-tight udlite-block-list-item-neutral udlite-text-sm\" data-purpose=\"objective\"><div class=\"udlite-block-list-item-content\">Go from Zero skills to building Powerful Web Applications on a highly professional level using the latest 2020 Web Technologies.</div></div></li><li><div class=\"udlite-block-list-item udlite-block-list-item-small udlite-block-list-item-tight udlite-block-list-item-neutral udlite-text-sm\" data-purpose=\"objective\"><div class=\"udlite-block-list-item-content\">Use a Portfolio of over 15 highly professional websites, Games and Mobile apps you would have developed during the course to take your career to the next level.</div></div></li><li><div class=\"udlite-block-list-item udlite-block-list-item-small udlite-block-list-item-tight udlite-block-list-item-neutral udlite-text-sm\" data-purpose=\"objective\"><div class=\"udlite-block-list-item-content\">Create real life mobile apps and upload them to the IOS App Store and Google Play.</div></div></li><li><div class=\"udlite-block-list-item udlite-block-list-item-small udlite-block-list-item-tight udlite-block-list-item-neutral udlite-text-sm\" data-purpose=\"objective\"><div class=\"udlite-block-list-item-content\">Use HTML5, CSS3, Flexbox, Grid &amp; SASS to build website content and add stunning styling and decoration.</div></div></li><li><div class=\"udlite-block-list-item udlite-block-list-item-small udlite-block-list-item-tight udlite-block-list-item-neutral udlite-text-sm\" data-purpose=\"objective\"><div class=\"udlite-block-list-item-content\">Use Javascript, jQuery &amp; jQuery User Interface to create Interactive Websites and Games.</div></div></li><li><div class=\"udlite-block-list-item udlite-block-list-item-small udlite-block-list-item-tight udlite-block-list-item-neutral udlite-text-sm\" data-purpose=\"objective\"><div class=\"udlite-block-list-item-content\">Use Twitter Bootstrap to produce Responsive Websites that will adapt to any device size.</div></div></li><li><div class=\"udlite-block-list-item udlite-block-list-item-small udlite-block-list-item-tight udlite-block-list-item-neutral udlite-text-sm\" data-purpose=\"objective\"><div class=\"udlite-block-list-item-content\">Use Back End Technologies like NodeJS, PHP, AJAX, JSON to build dynamic database-driven websites.</div></div></li><li><div class=\"udlite-block-list-item udlite-block-list-item-small udlite-block-list-item-tight udlite-block-list-item-neutral udlite-text-sm\" data-purpose=\"objective\"><div class=\"udlite-block-list-item-content\">Use advanced skills to connect your websites to APIs like Google Maps, Facebook, Google plus and Twitter.</div></div></li><li><div class=\"udlite-block-list-item udlite-block-list-item-small udlite-block-list-item-tight udlite-block-list-item-neutral udlite-text-sm\" data-purpose=\"objective\"><div class=\"udlite-block-list-item-content\">Create a Professional Mathematics Tutorial Website using HTML5 &amp; CSS3.</div></div></li><li><div class=\"udlite-block-list-item udlite-block-list-item-small udlite-block-list-item-tight udlite-block-list-item-neutral udlite-text-sm\" data-purpose=\"objective\"><div class=\"udlite-block-list-item-content\">Create a Professional Maths Game using HTML5, CSS3 &amp; JavaScript.</div></div></li><li><div class=\"udlite-block-list-item udlite-block-list-item-small udlite-block-list-item-tight udlite-block-list-item-neutral udlite-text-sm\" data-purpose=\"objective\"><div class=\"udlite-block-list-item-content\">Create a Professional Fruits Slice Game using HTML5, CSS3 &amp; JQuery.</div></div></li><li><div class=\"udlite-block-list-item udlite-block-list-item-small udlite-block-list-item-tight udlite-block-list-item-neutral udlite-text-sm\" data-purpose=\"objective\"><div class=\"udlite-block-list-item-content\">Create a Professional App Landing Page using HTML5, CSS3 &amp; Bootstrap.</div></div></li><li><div class=\"udlite-block-list-item udlite-block-list-item-small udlite-block-list-item-tight udlite-block-list-item-neutral udlite-text-sm\" data-purpose=\"objective\"><div class=\"udlite-block-list-item-content\">Create a Professional Company Website using HTML5, CSS3 &amp; Bootstrap</div></div></li><li><div class=\"udlite-block-list-item udlite-block-list-item-small udlite-block-list-item-tight udlite-block-list-item-neutral udlite-text-sm\" data-purpose=\"objective\"><div class=\"udlite-block-list-item-content\">Create a Professional website with video background using HTML5, CSS3, jQuery &amp; Bootstrap.</div></div></li><li><div class=\"udlite-block-list-item udlite-block-list-item-small udlite-block-list-item-tight udlite-block-list-item-neutral udlite-text-sm\" data-purpose=\"objective\"><div class=\"udlite-block-list-item-content\">Create a Professional Stopwatch App using HTML5, CSS3, jQuery &amp; Bootstrap.</div></div></li><li><div class=\"udlite-block-list-item udlite-block-list-item-small udlite-block-list-item-tight udlite-block-list-item-neutral udlite-text-sm\" data-purpose=\"objective\"><div class=\"udlite-block-list-item-content\">Create a Professional Drawing App using HTML5, CSS3, jQuery UI, Canvas, Local Storage...</div></div></li><li><div class=\"udlite-block-list-item udlite-block-list-item-small udlite-block-list-item-tight udlite-block-list-item-neutral udlite-text-sm\" data-purpose=\"objective\"><div class=\"udlite-block-list-item-content\">Create a Professional Online File Explorer App using ES6, NodeJS , HTML5, CSS3 &amp; Bootstrap.</div></div></li><li><div class=\"udlite-block-list-item udlite-block-list-item-small udlite-block-list-item-tight udlite-block-list-item-neutral udlite-text-sm\" data-purpose=\"objective\"><div class=\"udlite-block-list-item-content\">Create a Professional Online Notes App using HTML5, CSS3, Bootstrap, PHP, MySQL &amp; AJAX.</div></div></li><li><div class=\"udlite-block-list-item udlite-block-list-item-small udlite-block-list-item-tight udlite-block-list-item-neutral udlite-text-sm\" data-purpose=\"objective\"><div class=\"udlite-block-list-item-content\">Create a Professional Blog using WordPress.</div></div></li><li><div class=\"udlite-block-list-item udlite-block-list-item-small udlite-block-list-item-tight udlite-block-list-item-neutral udlite-text-sm\" data-purpose=\"objective\"><div class=\"udlite-block-list-item-content\">Create a Professional Distance Between Cities App using HTML5, CSS3, jQuery, &amp; Google Maps APIs.</div></div></li><li><div class=\"udlite-block-list-item udlite-block-list-item-small udlite-block-list-item-tight udlite-block-list-item-neutral udlite-text-sm\" data-purpose=\"objective\"><div class=\"udlite-block-list-item-content\">Create a Professional Website with Social Widgets (Facebook, Google+ &amp; Twitter).</div></div></li><li><div class=\"udlite-block-list-item udlite-block-list-item-small udlite-block-list-item-tight udlite-block-list-item-neutral udlite-text-sm\" data-purpose=\"objective\"><div class=\"udlite-block-list-item-content\">Create a Professional Speed Reader App for IOS and Android.</div></div></li><li><div class=\"udlite-block-list-item udlite-block-list-item-small udlite-block-list-item-tight udlite-block-list-item-neutral udlite-text-sm\" data-purpose=\"objective\"><div class=\"udlite-block-list-item-content\">Create a Fully Functional Car Sharing App which users around the world can use to share car trips. (using HTML5, CSS3, Javascript, PHP, MySQL, AJAX &amp; JSON)</div></div></li></ul></div></div></div>',89000,0,'2021-01-17',0,503,0),(11,2,'The Complete Web Developer in 2021: Zero to Mastery','Learn to code and become a Web Developer in 2021 with HTML, CSS, Javascript, React, Node.js, Machine Learning & more!','<h2 class=\"udlite-heading-xl what-you-will-learn--title--hropy\">What you\'ll learn</h2><div class=\"what-you-will-learn--content-spacing--3btHJ show-more--container--1QLmn\"><div class=\"show-more--content--isg5c show-more--with-gradient--2abmN\"><div><ul class=\"unstyled-list udlite-block-list what-you-will-learn--objectives-list--2cWZN\"><li><div class=\"udlite-block-list-item udlite-block-list-item-small udlite-block-list-item-tight udlite-block-list-item-neutral udlite-text-sm\" data-purpose=\"objective\"><div class=\"udlite-block-list-item-content\">Skills that will allow you to apply for jobs like: Web Developer, Software Developer, Front End Developer, Javascript Developer, and Full Stack Developer</div></div></li><li><div class=\"udlite-block-list-item udlite-block-list-item-small udlite-block-list-item-tight udlite-block-list-item-neutral udlite-text-sm\" data-purpose=\"objective\"><div class=\"udlite-block-list-item-content\">Learn modern technologies that are ACTUALLY being used behind tech companies in 2021</div></div></li><li><div class=\"udlite-block-list-item udlite-block-list-item-small udlite-block-list-item-tight udlite-block-list-item-neutral udlite-text-sm\" data-purpose=\"objective\"><div class=\"udlite-block-list-item-content\">Build 10+ real world Web Development projects you can show off</div></div></li><li><div class=\"udlite-block-list-item udlite-block-list-item-small udlite-block-list-item-tight udlite-block-list-item-neutral udlite-text-sm\" data-purpose=\"objective\"><div class=\"udlite-block-list-item-content\">Build a professional Portfolio Website</div></div></li><li><div class=\"udlite-block-list-item udlite-block-list-item-small udlite-block-list-item-tight udlite-block-list-item-neutral udlite-text-sm\" data-purpose=\"objective\"><div class=\"udlite-block-list-item-content\">Learn best practices to write clean, performant, and bug free code</div></div></li><li><div class=\"udlite-block-list-item udlite-block-list-item-small udlite-block-list-item-tight udlite-block-list-item-neutral udlite-text-sm\" data-purpose=\"objective\"><div class=\"udlite-block-list-item-content\">Master modern Web Development fundamentals as well as advanced topics</div></div></li><li><div class=\"udlite-block-list-item udlite-block-list-item-small udlite-block-list-item-tight udlite-block-list-item-neutral udlite-text-sm\" data-purpose=\"objective\"><div class=\"udlite-block-list-item-content\">Work as a freelance Web Developer</div></div></li><li><div class=\"udlite-block-list-item udlite-block-list-item-small udlite-block-list-item-tight udlite-block-list-item-neutral udlite-text-sm\" data-purpose=\"objective\"><div class=\"udlite-block-list-item-content\">Master beginner and advanced JavaScript topics</div></div></li><li><div class=\"udlite-block-list-item udlite-block-list-item-small udlite-block-list-item-tight udlite-block-list-item-neutral udlite-text-sm\" data-purpose=\"objective\"><div class=\"udlite-block-list-item-content\">Learn React + Redux to build rich front end applications</div></div></li><li><div class=\"udlite-block-list-item udlite-block-list-item-small udlite-block-list-item-tight udlite-block-list-item-neutral udlite-text-sm\" data-purpose=\"objective\"><div class=\"udlite-block-list-item-content\">Build your own full stack websites and applications</div></div></li><li><div class=\"udlite-block-list-item udlite-block-list-item-small udlite-block-list-item-tight udlite-block-list-item-neutral udlite-text-sm\" data-purpose=\"objective\"><div class=\"udlite-block-list-item-content\">Build a complex image recognition app using everything we learn in the course</div></div></li><li><div class=\"udlite-block-list-item udlite-block-list-item-small udlite-block-list-item-tight udlite-block-list-item-neutral udlite-text-sm\" data-purpose=\"objective\"><div class=\"udlite-block-list-item-content\">Become a professional Web Developer and get hired</div></div></li><li><div class=\"udlite-block-list-item udlite-block-list-item-small udlite-block-list-item-tight udlite-block-list-item-neutral udlite-text-sm\" data-purpose=\"objective\"><div class=\"udlite-block-list-item-content\">Use NodeJS to write server-side JavaScript</div></div></li><li><div class=\"udlite-block-list-item udlite-block-list-item-small udlite-block-list-item-tight udlite-block-list-item-neutral udlite-text-sm\" data-purpose=\"objective\"><div class=\"udlite-block-list-item-content\">Learn to implement user authentication</div></div></li><li><div class=\"udlite-block-list-item udlite-block-list-item-small udlite-block-list-item-tight udlite-block-list-item-neutral udlite-text-sm\" data-purpose=\"objective\"><div class=\"udlite-block-list-item-content\">Use Express, SQL and PostgreSQL to create fullstack applications that scale</div></div></li><li><div class=\"udlite-block-list-item udlite-block-list-item-small udlite-block-list-item-tight udlite-block-list-item-neutral udlite-text-sm\" data-purpose=\"objective\"><div class=\"udlite-block-list-item-content\">Master fundamental concepts in Web Development</div></div></li></ul></div></div></div>',21000,0,'2021-01-17',0,125,0),(12,22,'Facebook Ads & Facebook Marketing MASTERY 2021 | Coursenvy ®','Facebook Marketing from beginner to advanced! Join 100,000+ students who MASTERED Facebook and are Facebook Ads experts!','<h2 class=\"udlite-heading-xl what-you-will-learn--title--hropy\">What you\'ll learn</h2><div class=\"what-you-will-learn--content-spacing--3btHJ\"><ul class=\"unstyled-list udlite-block-list what-you-will-learn--objectives-list--2cWZN\"><li><div class=\"udlite-block-list-item udlite-block-list-item-small udlite-block-list-item-tight udlite-block-list-item-neutral udlite-text-sm\" data-purpose=\"objective\"><div class=\"udlite-block-list-item-content\"><span class=\"what-you-will-learn--objective-item--ECarc\">Connect with new audiences and lower your ad costs via Facebook Ads!</span></div></div></li><li><div class=\"udlite-block-list-item udlite-block-list-item-small udlite-block-list-item-tight udlite-block-list-item-neutral udlite-text-sm\" data-purpose=\"objective\"><div class=\"udlite-block-list-item-content\"><span class=\"what-you-will-learn--objective-item--ECarc\">Mass post quickly to various social media networks!</span></div></div></li><li><div class=\"udlite-block-list-item udlite-block-list-item-small udlite-block-list-item-tight udlite-block-list-item-neutral udlite-text-sm\" data-purpose=\"objective\"><div class=\"udlite-block-list-item-content\"><span class=\"what-you-will-learn--objective-item--ECarc\">MASTER Facebook Ads Manager!</span></div></div></li><li><div class=\"udlite-block-list-item udlite-block-list-item-small udlite-block-list-item-tight udlite-block-list-item-neutral udlite-text-sm\" data-purpose=\"objective\"><div class=\"udlite-block-list-item-content\"><span class=\"what-you-will-learn--objective-item--ECarc\">Implement the Facebook Pixel and advanced tracking strategies.</span></div></div></li><li><div class=\"udlite-block-list-item udlite-block-list-item-small udlite-block-list-item-tight udlite-block-list-item-neutral udlite-text-sm\" data-purpose=\"objective\"><div class=\"udlite-block-list-item-content\"><span class=\"what-you-will-learn--objective-item--ECarc\">MASTER your sales funnel... awareness, retargeting, and conversion!</span></div></div></li><li><div class=\"udlite-block-list-item udlite-block-list-item-small udlite-block-list-item-tight udlite-block-list-item-neutral udlite-text-sm\" data-purpose=\"objective\"><div class=\"udlite-block-list-item-content\"><span class=\"what-you-will-learn--objective-item--ECarc\">Average $0.01 per engagement/like/click with my Facebook ad strategies!</span></div></div></li><li><div class=\"udlite-block-list-item udlite-block-list-item-small udlite-block-list-item-tight udlite-block-list-item-neutral udlite-text-sm\" data-purpose=\"objective\"><div class=\"udlite-block-list-item-content\"><span class=\"what-you-will-learn--objective-item--ECarc\">Use the advanced features available in Facebook Business Manager.</span></div></div></li><li><div class=\"udlite-block-list-item udlite-block-list-item-small udlite-block-list-item-tight udlite-block-list-item-neutral udlite-text-sm\" data-purpose=\"objective\"><div class=\"udlite-block-list-item-content\"><span class=\"what-you-will-learn--objective-item--ECarc\">MASTER Facebook Marketing all in one course!</span></div></div></li></ul></div>',99000,0,'2021-01-17',1,3,0),(13,23,'The Complete Digital Marketing Course - 12 Courses in 1','Master Digital Marketing Strategy, Social Media Marketing, SEO, YouTube, Email, Facebook Marketing, Analytics & More!','<h2 class=\"udlite-heading-xl what-you-will-learn--title--hropy\">What you\'ll learn</h2><div class=\"what-you-will-learn--content-spacing--3btHJ\"><ul class=\"unstyled-list udlite-block-list what-you-will-learn--objectives-list--2cWZN\"><li><div class=\"udlite-block-list-item udlite-block-list-item-small udlite-block-list-item-tight udlite-block-list-item-neutral udlite-text-sm\" data-purpose=\"objective\"><div class=\"udlite-block-list-item-content\"><span class=\"what-you-will-learn--objective-item--ECarc\">Grow a Business Online From Scratch</span></div></div></li><li><div class=\"udlite-block-list-item udlite-block-list-item-small udlite-block-list-item-tight udlite-block-list-item-neutral udlite-text-sm\" data-purpose=\"objective\"><div class=\"udlite-block-list-item-content\"><span class=\"what-you-will-learn--objective-item--ECarc\">Make Money as an Affiliate Marketer</span></div></div></li><li><div class=\"udlite-block-list-item udlite-block-list-item-small udlite-block-list-item-tight udlite-block-list-item-neutral udlite-text-sm\" data-purpose=\"objective\"><div class=\"udlite-block-list-item-content\"><span class=\"what-you-will-learn--objective-item--ECarc\">Land a High-Paying Job in Digital Marketing</span></div></div></li><li><div class=\"udlite-block-list-item udlite-block-list-item-small udlite-block-list-item-tight udlite-block-list-item-neutral udlite-text-sm\" data-purpose=\"objective\"><div class=\"udlite-block-list-item-content\"><span class=\"what-you-will-learn--objective-item--ECarc\">Work From Home as a Freelance Marketer</span></div></div></li></ul></div>',50000,10,'2021-01-17',1,3,0),(14,18,'Become a Calculus 1 Master','Learn everything from Calculus 1, then test your knowledge with 600+ practice questions','<div class=\"course-landing-page__main-content component-margin\"><div class=\"clp-component-render\"><div class=\"clp-component-render\"><div class=\"ud-component--course-landing-page-udlite--whatwillyoulearn\" data-component-props=\"{&quot;objectives&quot;:[&quot;Precalculus, including functions, their graphs, and how to modify functions&quot;,&quot;Limits \\u0026 Continuity, including how to solve every kind of limit problem, and how to find discontinuities in a function&quot;,&quot;Derivatives, including all of the derivative rules, the infamous chain rule, and how to do implicit differentiation&quot;,&quot;Applications of Derivatives, including two of the hardest topics from Calc 1: optimization and related rates&quot;]}\"><div class=\"what-you-will-learn--what-will-you-learn--mnJ5T\"><h2 class=\"udlite-heading-xl what-you-will-learn--title--hropy\">What you\'ll learn</h2><div class=\"what-you-will-learn--content-spacing--3btHJ\"><ul class=\"unstyled-list udlite-block-list what-you-will-learn--objectives-list--2cWZN\"><li><div class=\"udlite-block-list-item udlite-block-list-item-small udlite-block-list-item-tight udlite-block-list-item-neutral udlite-text-sm\" data-purpose=\"objective\"><div class=\"udlite-block-list-item-content\"><span class=\"what-you-will-learn--objective-item--ECarc\">Precalculus, including functions, their graphs, and how to modify functions</span></div></div></li><li><div class=\"udlite-block-list-item udlite-block-list-item-small udlite-block-list-item-tight udlite-block-list-item-neutral udlite-text-sm\" data-purpose=\"objective\"><div class=\"udlite-block-list-item-content\"><span class=\"what-you-will-learn--objective-item--ECarc\">Limits &amp; Continuity, including how to solve every kind of limit problem, and how to find discontinuities in a function</span></div></div></li><li><div class=\"udlite-block-list-item udlite-block-list-item-small udlite-block-list-item-tight udlite-block-list-item-neutral udlite-text-sm\" data-purpose=\"objective\"><div class=\"udlite-block-list-item-content\"><span class=\"what-you-will-learn--objective-item--ECarc\">Derivatives, including all of the derivative rules, the infamous chain rule, and how to do implicit differentiation</span></div></div></li><li><div class=\"udlite-block-list-item udlite-block-list-item-small udlite-block-list-item-tight udlite-block-list-item-neutral udlite-text-sm\" data-purpose=\"objective\"><div class=\"udlite-block-list-item-content\"><span class=\"what-you-will-learn--objective-item--ECarc\">Applications of Derivatives, including two of the hardest topics from Calc 1: optimization and related rates</span></div></div></li></ul></div></div></div></div></div></div><div class=\"clp-component-render\"><div class=\"course-landing-page__main-content component-margin\"><div class=\"curated-for-ufb-notice--curated-for-ufb-notice--2d3j2 curated-for-ufb-notice--panel--mlPh9\">&nbsp;</div></div></div>',5000,0,'2021-01-17',1,8,0),(15,17,'Become an Algebra Master','Learn everything from Algebra 1 and Algebra 2, then test your knowledge with 1,300+ practice questions','<h2 class=\"udlite-heading-xl what-you-will-learn--title--hropy\">What you\'ll learn</h2><div class=\"what-you-will-learn--content-spacing--3btHJ\"><ul class=\"unstyled-list udlite-block-list what-you-will-learn--objectives-list--2cWZN\"><li><div class=\"udlite-block-list-item udlite-block-list-item-small udlite-block-list-item-tight udlite-block-list-item-neutral udlite-text-sm\" data-purpose=\"objective\"><div class=\"udlite-block-list-item-content\"><span class=\"what-you-will-learn--objective-item--ECarc\">Operations, including order of operations (PEMDAS) and like-terms</span></div></div></li><li><div class=\"udlite-block-list-item udlite-block-list-item-small udlite-block-list-item-tight udlite-block-list-item-neutral udlite-text-sm\" data-purpose=\"objective\"><div class=\"udlite-block-list-item-content\"><span class=\"what-you-will-learn--objective-item--ECarc\">Fractions, exponents, and radicals, including advanced operations with all three</span></div></div></li><li><div class=\"udlite-block-list-item udlite-block-list-item-small udlite-block-list-item-tight udlite-block-list-item-neutral udlite-text-sm\" data-purpose=\"objective\"><div class=\"udlite-block-list-item-content\"><span class=\"what-you-will-learn--objective-item--ECarc\">Equations and systems of equations, including inverse operations, direct and inverse variation, and distance/rate/time problems</span></div></div></li><li><div class=\"udlite-block-list-item udlite-block-list-item-small udlite-block-list-item-tight udlite-block-list-item-neutral udlite-text-sm\" data-purpose=\"objective\"><div class=\"udlite-block-list-item-content\"><span class=\"what-you-will-learn--objective-item--ECarc\">Graphing, including parallel and perpendicular lines, and parabolas</span></div></div></li><li><div class=\"udlite-block-list-item udlite-block-list-item-small udlite-block-list-item-tight udlite-block-list-item-neutral udlite-text-sm\" data-purpose=\"objective\"><div class=\"udlite-block-list-item-content\"><span class=\"what-you-will-learn--objective-item--ECarc\">Polynomials and factoring, including the quadratic formula and completing the square</span></div></div></li><li><div class=\"udlite-block-list-item udlite-block-list-item-small udlite-block-list-item-tight udlite-block-list-item-neutral udlite-text-sm\" data-purpose=\"objective\"><div class=\"udlite-block-list-item-content\"><span class=\"what-you-will-learn--objective-item--ECarc\">Functions, including domain and range, and sums and products of functions</span></div></div></li><li><div class=\"udlite-block-list-item udlite-block-list-item-small udlite-block-list-item-tight udlite-block-list-item-neutral udlite-text-sm\" data-purpose=\"objective\"><div class=\"udlite-block-list-item-content\"><span class=\"what-you-will-learn--objective-item--ECarc\">Inequalities, including trichotomy and graphing inequalities and conjunctions on a number line</span></div></div></li><li><div class=\"udlite-block-list-item udlite-block-list-item-small udlite-block-list-item-tight udlite-block-list-item-neutral udlite-text-sm\" data-purpose=\"objective\"><div class=\"udlite-block-list-item-content\"><span class=\"what-you-will-learn--objective-item--ECarc\">Exponential and logarithmic functions, including laws of logs, change of base, and graphing</span></div></div></li></ul></div>',50000,10,'2021-01-17',1,1,0),(16,18,'Become a Calculus 2 Master','Learn everything from Calculus 2, then test your knowledge with 830+ practice questions','<h2 class=\"udlite-heading-xl what-you-will-learn--title--hropy\">What you\'ll learn</h2><div class=\"what-you-will-learn--content-spacing--3btHJ\"><ul class=\"unstyled-list udlite-block-list what-you-will-learn--objectives-list--2cWZN\"><li><div class=\"udlite-block-list-item udlite-block-list-item-small udlite-block-list-item-tight udlite-block-list-item-neutral udlite-text-sm\" data-purpose=\"objective\"><div class=\"udlite-block-list-item-content\"><span class=\"what-you-will-learn--objective-item--ECarc\">Integrals, including approximating area, the dreaded Fundamental Theorem of Calculus, and every kind of integration technique</span></div></div></li><li><div class=\"udlite-block-list-item udlite-block-list-item-small udlite-block-list-item-tight udlite-block-list-item-neutral udlite-text-sm\" data-purpose=\"objective\"><div class=\"udlite-block-list-item-content\"><span class=\"what-you-will-learn--objective-item--ECarc\">Applications of Integrals, including volume of revolution with disks, washers and shells, and all kinds of real world applications</span></div></div></li><li><div class=\"udlite-block-list-item udlite-block-list-item-small udlite-block-list-item-tight udlite-block-list-item-neutral udlite-text-sm\" data-purpose=\"objective\"><div class=\"udlite-block-list-item-content\"><span class=\"what-you-will-learn--objective-item--ECarc\">Polar &amp; Parametric, including how to sketch polar curves and find the area bounded by polar curves</span></div></div></li><li><div class=\"udlite-block-list-item udlite-block-list-item-small udlite-block-list-item-tight udlite-block-list-item-neutral udlite-text-sm\" data-purpose=\"objective\"><div class=\"udlite-block-list-item-content\"><span class=\"what-you-will-learn--objective-item--ECarc\">Sequences &amp; Series, including all the convergence tests, and Taylor and Maclaurin series</span></div></div></li></ul></div>',100000,0,'2021-01-18',1,0,0),(17,18,'Become a Calculus 3 Master','Learn everything from Calculus 3, then test your knowledge with 780+ practice questions','<h2 class=\"udlite-heading-xl what-you-will-learn--title--hropy\">What you\'ll learn</h2><div class=\"what-you-will-learn--content-spacing--3btHJ\"><ul class=\"unstyled-list udlite-block-list what-you-will-learn--objectives-list--2cWZN\"><li><div class=\"udlite-block-list-item udlite-block-list-item-small udlite-block-list-item-tight udlite-block-list-item-neutral udlite-text-sm\" data-purpose=\"objective\"><div class=\"udlite-block-list-item-content\"><span class=\"what-you-will-learn--objective-item--ECarc\">Partial Derivatives, including higher order partial derivatives, multivariable chain rule and implicit differentiation</span></div></div></li><li><div class=\"udlite-block-list-item udlite-block-list-item-small udlite-block-list-item-tight udlite-block-list-item-neutral udlite-text-sm\" data-purpose=\"objective\"><div class=\"udlite-block-list-item-content\"><span class=\"what-you-will-learn--objective-item--ECarc\">Multiple Integrals, including approximating double and triple integrals, finding volume, and changing the order of integration</span></div></div></li><li><div class=\"udlite-block-list-item udlite-block-list-item-small udlite-block-list-item-tight udlite-block-list-item-neutral udlite-text-sm\" data-purpose=\"objective\"><div class=\"udlite-block-list-item-content\"><span class=\"what-you-will-learn--objective-item--ECarc\">Vectors, including derivatives and integrals of vector functions, arc length and curvature, and line and surface integrals</span></div></div></li></ul></div>',100000,0,'2021-01-18',1,1,0),(18,17,'Become a Linear Algebra Master','Learn everything from Linear Algebra, then test your knowledge with 400+ practice questions','<h2 class=\"udlite-heading-xl what-you-will-learn--title--hropy\">What you\'ll learn</h2><div class=\"what-you-will-learn--content-spacing--3btHJ show-more--container--1QLmn\"><div class=\"show-more--content--isg5c show-more--with-gradient--2abmN\"><div><ul class=\"unstyled-list udlite-block-list what-you-will-learn--objectives-list--2cWZN\"><li><div class=\"udlite-block-list-item udlite-block-list-item-small udlite-block-list-item-tight udlite-block-list-item-neutral udlite-text-sm\" data-purpose=\"objective\"><div class=\"udlite-block-list-item-content\">Operations on one matrix, including solving linear systems, and Gauss-Jordan elimination</div></div></li><li><div class=\"udlite-block-list-item udlite-block-list-item-small udlite-block-list-item-tight udlite-block-list-item-neutral udlite-text-sm\" data-purpose=\"objective\"><div class=\"udlite-block-list-item-content\">Operations on two matrices, including matrix multiplication and elimination matrices</div></div></li><li><div class=\"udlite-block-list-item udlite-block-list-item-small udlite-block-list-item-tight udlite-block-list-item-neutral udlite-text-sm\" data-purpose=\"objective\"><div class=\"udlite-block-list-item-content\">Matrices as vectors, including linear combinations and span, linear independence, and subspaces</div></div></li><li><div class=\"udlite-block-list-item udlite-block-list-item-small udlite-block-list-item-tight udlite-block-list-item-neutral udlite-text-sm\" data-purpose=\"objective\"><div class=\"udlite-block-list-item-content\">Dot products and cross products, including the Cauchy-Schwarz and vector triangle inequalities</div></div></li><li><div class=\"udlite-block-list-item udlite-block-list-item-small udlite-block-list-item-tight udlite-block-list-item-neutral udlite-text-sm\" data-purpose=\"objective\"><div class=\"udlite-block-list-item-content\">Matrix-vector products, including the null and column spaces, and solving Ax=b</div></div></li><li><div class=\"udlite-block-list-item udlite-block-list-item-small udlite-block-list-item-tight udlite-block-list-item-neutral udlite-text-sm\" data-purpose=\"objective\"><div class=\"udlite-block-list-item-content\">Transformations, including linear transformations, projections, and composition of transformations</div></div></li><li><div class=\"udlite-block-list-item udlite-block-list-item-small udlite-block-list-item-tight udlite-block-list-item-neutral udlite-text-sm\" data-purpose=\"objective\"><div class=\"udlite-block-list-item-content\">Inverses, including invertible and singular matrices, and solving systems with inverse matrices</div></div></li><li><div class=\"udlite-block-list-item udlite-block-list-item-small udlite-block-list-item-tight udlite-block-list-item-neutral udlite-text-sm\" data-purpose=\"objective\"><div class=\"udlite-block-list-item-content\">Determinants, including upper and lower triangular matrices, and Cramer\'s rule</div></div></li><li><div class=\"udlite-block-list-item udlite-block-list-item-small udlite-block-list-item-tight udlite-block-list-item-neutral udlite-text-sm\" data-purpose=\"objective\"><div class=\"udlite-block-list-item-content\">Transposes, including their determinants, and the null (left null) and column (row) spaces of the transpose</div></div></li><li><div class=\"udlite-block-list-item udlite-block-list-item-small udlite-block-list-item-tight udlite-block-list-item-neutral udlite-text-sm\" data-purpose=\"objective\"><div class=\"udlite-block-list-item-content\">Orthogonality and change of basis, including orthogonal complements, projections onto a subspace, least squares, and changing the basis</div></div></li><li><div class=\"udlite-block-list-item udlite-block-list-item-small udlite-block-list-item-tight udlite-block-list-item-neutral udlite-text-sm\" data-purpose=\"objective\"><div class=\"udlite-block-list-item-content\">Orthonormal bases and Gram-Schmidt, including definition of the orthonormal basis, and converting to an orthonormal basis with the Gram-Schmidt process</div></div></li><li><div class=\"udlite-block-list-item udlite-block-list-item-small udlite-block-list-item-tight udlite-block-list-item-neutral udlite-text-sm\" data-purpose=\"objective\"><div class=\"udlite-block-list-item-content\">Eigenvalues and Eigenvectors, including finding eigenvalues and their associate eigenvectors and eigenspaces, and eigen in three dimensions</div></div></li></ul></div></div></div>',100000,0,'2021-01-18',1,0,0),(19,17,'Complete linear algebra: theory and implementation in code','Learn concepts in linear algebra and matrix analysis, and implement them in MATLAB and Python.','<h2 class=\"udlite-heading-xl what-you-will-learn--title--hropy\">What you\'ll learn</h2><div class=\"what-you-will-learn--content-spacing--3btHJ\"><ul class=\"unstyled-list udlite-block-list what-you-will-learn--objectives-list--2cWZN\"><li><div class=\"udlite-block-list-item udlite-block-list-item-small udlite-block-list-item-tight udlite-block-list-item-neutral udlite-text-sm\" data-purpose=\"objective\"><div class=\"udlite-block-list-item-content\"><span class=\"what-you-will-learn--objective-item--ECarc\">Understand theoretical concepts in linear algebra, including proofs</span></div></div></li><li><div class=\"udlite-block-list-item udlite-block-list-item-small udlite-block-list-item-tight udlite-block-list-item-neutral udlite-text-sm\" data-purpose=\"objective\"><div class=\"udlite-block-list-item-content\"><span class=\"what-you-will-learn--objective-item--ECarc\">Implement linear algebra concepts in scientific programming languages (MATLAB, Python)</span></div></div></li><li><div class=\"udlite-block-list-item udlite-block-list-item-small udlite-block-list-item-tight udlite-block-list-item-neutral udlite-text-sm\" data-purpose=\"objective\"><div class=\"udlite-block-list-item-content\"><span class=\"what-you-will-learn--objective-item--ECarc\">Apply linear algebra concepts to real datasets</span></div></div></li><li><div class=\"udlite-block-list-item udlite-block-list-item-small udlite-block-list-item-tight udlite-block-list-item-neutral udlite-text-sm\" data-purpose=\"objective\"><div class=\"udlite-block-list-item-content\"><span class=\"what-you-will-learn--objective-item--ECarc\">Ace your linear algebra exam!</span></div></div></li><li><div class=\"udlite-block-list-item udlite-block-list-item-small udlite-block-list-item-tight udlite-block-list-item-neutral udlite-text-sm\" data-purpose=\"objective\"><div class=\"udlite-block-list-item-content\"><span class=\"what-you-will-learn--objective-item--ECarc\">Apply linear algebra on computers with confidence</span></div></div></li><li><div class=\"udlite-block-list-item udlite-block-list-item-small udlite-block-list-item-tight udlite-block-list-item-neutral udlite-text-sm\" data-purpose=\"objective\"><div class=\"udlite-block-list-item-content\"><span class=\"what-you-will-learn--objective-item--ECarc\">Gain additional insights into solving problems in linear algebra, including homeworks and applications</span></div></div></li><li><div class=\"udlite-block-list-item udlite-block-list-item-small udlite-block-list-item-tight udlite-block-list-item-neutral udlite-text-sm\" data-purpose=\"objective\"><div class=\"udlite-block-list-item-content\"><span class=\"what-you-will-learn--objective-item--ECarc\">Be confident in learning advanced linear algebra topics</span></div></div></li><li><div class=\"udlite-block-list-item udlite-block-list-item-small udlite-block-list-item-tight udlite-block-list-item-neutral udlite-text-sm\" data-purpose=\"objective\"><div class=\"udlite-block-list-item-content\"><span class=\"what-you-will-learn--objective-item--ECarc\">Understand some of the important maths underlying machine learning</span></div></div></li><li><div class=\"udlite-block-list-item udlite-block-list-item-small udlite-block-list-item-tight udlite-block-list-item-neutral udlite-text-sm\" data-purpose=\"objective\"><div class=\"udlite-block-list-item-content\"><span class=\"what-you-will-learn--objective-item--ECarc\">The math underlying most of AI (artificial intelligence)</span></div></div></li></ul></div>',50000,48,'2021-01-18',1,1,0),(20,17,'Learn Algebra The Easy Way!','Algebra Review - Slope, Graphing Linear Equations, Exponents, Factoring, Solving Quadratic Equations, & Radicals','<h2 class=\"udlite-heading-xl what-you-will-learn--title--hropy\">What you\'ll learn</h2><div class=\"what-you-will-learn--content-spacing--3btHJ\"><ul class=\"unstyled-list udlite-block-list what-you-will-learn--objectives-list--2cWZN\"><li><div class=\"udlite-block-list-item udlite-block-list-item-small udlite-block-list-item-tight udlite-block-list-item-neutral udlite-text-sm\" data-purpose=\"objective\"><div class=\"udlite-block-list-item-content\"><span class=\"what-you-will-learn--objective-item--ECarc\">At the end of my course, students will be able to understand the basic fundamentals and principles of algebra.</span></div></div></li></ul></div>',70000,10,'2021-01-18',1,0,0),(21,17,'College Algebra & Trigonometry Explained','Master College Level Algebra with our Step by Step Video Tutorials. Over 2500 Practice Questions! Ace your Algebra Exam!','<h2 class=\"udlite-heading-xl requirements--title--2j7S2\">Requirements</h2><ul class=\"unstyled-list udlite-block-list\"><li><div class=\"udlite-block-list-item udlite-block-list-item-small udlite-block-list-item-tight udlite-block-list-item-neutral udlite-text-sm\"><div class=\"udlite-block-list-item-content\">Basic Arithmetic (Addition, Subtraction, Multiplication, Division)</div></div></li><li><div class=\"udlite-block-list-item udlite-block-list-item-small udlite-block-list-item-tight udlite-block-list-item-neutral udlite-text-sm\"><div class=\"udlite-block-list-item-content\">Pre-Algebra (Must Have)</div></div></li><li><div class=\"udlite-block-list-item udlite-block-list-item-small udlite-block-list-item-tight udlite-block-list-item-neutral udlite-text-sm\"><div class=\"udlite-block-list-item-content\">Basic Algebra (Algebra 1) (Must Have)</div></div></li><li><div class=\"udlite-block-list-item udlite-block-list-item-small udlite-block-list-item-tight udlite-block-list-item-neutral udlite-text-sm\"><div class=\"udlite-block-list-item-content\">Intermediate Algebra (Algebra 2) (Highly Suggested)</div></div></li></ul>',50000,10,'2021-01-18',0,1,0);
/*!40000 ALTER TABLE `courses` ENABLE KEYS */;
UNLOCK TABLES;

--
-- Table structure for table `enrolldetails`
--

DROP TABLE IF EXISTS `enrolldetails`;
/*!40101 SET @saved_cs_client     = @@character_set_client */;
/*!50503 SET character_set_client = utf8mb4 */;
CREATE TABLE `enrolldetails` (
  `ID` int unsigned NOT NULL AUTO_INCREMENT,
  `s_ID` int NOT NULL,
  `ChapterID` int NOT NULL,
  `Time` int NOT NULL,
  `Done` tinyint(1) NOT NULL,
  PRIMARY KEY (`ID`) USING BTREE,
  KEY `fk_enrolldetails_chapters` (`ChapterID`),
  KEY `fk_enrolldetails_students` (`s_ID`)
) ENGINE=MyISAM AUTO_INCREMENT=12 DEFAULT CHARSET=utf8 COLLATE=utf8_unicode_ci;
/*!40101 SET character_set_client = @saved_cs_client */;

--
-- Dumping data for table `enrolldetails`
--

LOCK TABLES `enrolldetails` WRITE;
/*!40000 ALTER TABLE `enrolldetails` DISABLE KEYS */;
INSERT INTO `enrolldetails` VALUES (1,4,1,0,0),(2,4,2,0,0),(3,4,7,107,0),(4,1,1,0,0),(5,1,2,0,0),(6,4,5,10,0),(7,4,6,72,0),(8,4,13,9,0),(9,4,14,0,0),(10,1,7,6,0),(11,1,4,85,0);
/*!40000 ALTER TABLE `enrolldetails` ENABLE KEYS */;
UNLOCK TABLES;

--
-- Table structure for table `enrolls`
--

DROP TABLE IF EXISTS `enrolls`;
/*!40101 SET @saved_cs_client     = @@character_set_client */;
/*!50503 SET character_set_client = utf8mb4 */;
CREATE TABLE `enrolls` (
  `EnrollID` int unsigned NOT NULL AUTO_INCREMENT,
  `EnrollDate` datetime NOT NULL,
  `s_ID` int NOT NULL,
  `CourseID` int NOT NULL,
  `Rate` int DEFAULT NULL,
  `Comment` varchar(255) COLLATE utf8_unicode_ci DEFAULT NULL,
  PRIMARY KEY (`EnrollID`) USING BTREE,
  KEY `fk_enrolls_courses` (`CourseID`),
  KEY `fk_enrolls_students` (`s_ID`)
) ENGINE=MyISAM AUTO_INCREMENT=33 DEFAULT CHARSET=utf8 COLLATE=utf8_unicode_ci;
/*!40101 SET character_set_client = @saved_cs_client */;

--
-- Dumping data for table `enrolls`
--

LOCK TABLES `enrolls` WRITE;
/*!40000 ALTER TABLE `enrolls` DISABLE KEYS */;
INSERT INTO `enrolls` VALUES (1,'2021-01-05 00:00:00',1,1,5,'Good'),(2,'2021-01-10 00:00:00',1,2,4,'Very good!!!'),(3,'2021-01-10 00:00:00',1,3,5,NULL),(4,'2021-01-05 00:00:00',1,4,4,NULL),(5,'2021-01-05 00:00:00',1,5,4,NULL),(6,'2021-01-11 00:00:00',1,6,5,NULL),(7,'2021-01-14 00:00:00',1,7,5,NULL),(8,'2021-01-08 00:00:00',2,1,4,NULL),(9,'2021-01-08 00:00:00',2,5,5,NULL),(10,'2021-01-11 00:00:00',2,6,4,NULL),(11,'2021-01-11 00:00:00',2,7,5,NULL),(12,'2021-01-05 00:00:00',2,8,3,NULL),(13,'2021-01-05 00:00:00',2,2,4,NULL),(14,'2021-01-05 00:00:00',2,4,4,NULL),(15,'2021-01-11 00:00:00',2,3,3,NULL),(16,'2021-01-11 00:00:00',3,1,4,NULL),(17,'2021-01-11 00:00:00',3,2,4,NULL),(18,'2021-01-05 00:00:00',3,3,5,NULL),(19,'2021-01-11 00:00:00',3,4,5,NULL),(20,'2021-01-05 00:00:00',3,5,5,NULL),(21,'2021-01-11 00:00:00',3,6,4,NULL),(22,'2021-01-11 00:00:00',3,7,5,NULL),(23,'2021-01-05 00:00:00',3,8,5,NULL),(24,'2021-01-11 00:00:00',3,9,5,NULL),(25,'2021-01-17 00:00:00',4,1,NULL,NULL),(26,'2021-01-17 00:00:00',4,6,NULL,NULL),(27,'2021-01-17 00:00:00',4,4,NULL,NULL),(28,'2021-01-17 00:00:00',4,5,NULL,NULL),(29,'2021-01-17 00:00:00',4,12,NULL,NULL),(30,'2021-01-17 00:00:00',2,14,NULL,NULL),(31,'2021-01-17 00:00:00',2,13,NULL,NULL),(32,'2021-01-17 00:00:00',4,14,5,'The Best Course I have ever seen');
/*!40000 ALTER TABLE `enrolls` ENABLE KEYS */;
UNLOCK TABLES;

--
-- Table structure for table `lecturers`
--

DROP TABLE IF EXISTS `lecturers`;
/*!40101 SET @saved_cs_client     = @@character_set_client */;
/*!50503 SET character_set_client = utf8mb4 */;
CREATE TABLE `lecturers` (
  `l_ID` int NOT NULL AUTO_INCREMENT,
  `l_Username` varchar(50) CHARACTER SET utf8 COLLATE utf8_unicode_ci NOT NULL,
  `l_Password` varchar(255) CHARACTER SET utf8 COLLATE utf8_unicode_ci NOT NULL,
  `l_Name` varchar(50) CHARACTER SET utf8 COLLATE utf8_unicode_ci NOT NULL,
  `l_Email` varchar(50) CHARACTER SET utf8 COLLATE utf8_unicode_ci NOT NULL,
  `l_Occupation` varchar(50) CHARACTER SET utf8 COLLATE utf8_unicode_ci NOT NULL,
  `l_Description` text CHARACTER SET utf8 COLLATE utf8_unicode_ci NOT NULL,
  `l_DOB` date NOT NULL,
  `l_IsActive` tinyint(1) NOT NULL,
  PRIMARY KEY (`l_ID`) USING BTREE
) ENGINE=MyISAM AUTO_INCREMENT=14 DEFAULT CHARSET=utf8 COLLATE=utf8_unicode_ci;
/*!40101 SET character_set_client = @saved_cs_client */;

--
-- Dumping data for table `lecturers`
--

LOCK TABLES `lecturers` WRITE;
/*!40000 ALTER TABLE `lecturers` DISABLE KEYS */;
INSERT INTO `lecturers` VALUES (1,'nth','$2a$10$1fMjz0icubV01/A4a/Gh.u6J3xbW4uswEwRvY39sW.cblaM3V0/4a','NTH','nth@gmail.com','Lecturer','<ul><li>The Best Teacher in the world.</li></ul>','1951-01-01',1),(2,'mourinho','$2a$10$1fMjz0icubV01/A4a/Gh.u6J3xbW4uswEwRvY39sW.cblaM3V0/4a','Jose Mourinho','JM@gmail.com','coach','<p><strong>Jos&eacute; M&aacute;rio dos Santos Mourinho F&eacute;lix</strong>,&nbsp;<small><a title=\"Order of Prince Henry\" href=\"https://en.wikipedia.org/wiki/Order_of_Prince_Henry\">GOIH</a></small>&nbsp;(Portuguese pronunciation:&nbsp;<span class=\"IPA\" title=\"Representation in the International Phonetic Alphabet (IPA)\"><a title=\"Help:IPA/Portuguese\" href=\"https://en.wikipedia.org/wiki/Help:IPA/Portuguese\">[ʒuˈzɛ moˈɾiɲu]</a></span>; born 26 January 1963), is a Portuguese professional&nbsp;<a title=\"Association football\" href=\"https://en.wikipedia.org/wiki/Association_football\">football</a>&nbsp;<a title=\"Manager (association football)\" href=\"https://en.wikipedia.org/wiki/Manager_(association_football)\">manager</a>&nbsp;and former player who is the head coach of&nbsp;<a title=\"Premier League\" href=\"https://en.wikipedia.org/wiki/Premier_League\">Premier League</a>&nbsp;club&nbsp;<a title=\"Tottenham Hotspur F.C.\" href=\"https://en.wikipedia.org/wiki/Tottenham_Hotspur_F.C.\">Tottenham Hotspur</a>. He is widely considered to be one of the greatest managers of all time,<sup id=\"cite_ref-espn1_2-0\" class=\"reference\"><a href=\"https://en.wikipedia.org/wiki/Jos%C3%A9_Mourinho#cite_note-espn1-2\">[2]</a></sup><sup id=\"cite_ref-3\" class=\"reference\"><a href=\"https://en.wikipedia.org/wiki/Jos%C3%A9_Mourinho#cite_note-3\">[3]</a></sup>&nbsp;and is one of the most decorated managers ever.<sup id=\"cite_ref-4\" class=\"reference\"><a href=\"https://en.wikipedia.org/wiki/Jos%C3%A9_Mourinho#cite_note-4\">[4]</a></sup></p>','1963-01-26',1),(3,'tuan','$2a$10$1fMjz0icubV01/A4a/Gh.u6J3xbW4uswEwRvY39sW.cblaM3V0/4a','Tuan','tuan@gmail.com','Lecturer','<ul><li>Tuan earned a bachelor\'s degree in Mathematics and a master\'s degree in Economics. Throughout his career, he has helped thousands of students ace their math and economics courses. John has a passion for learning, and wants to help students excel. John founded the site GreeneMath to help struggling students raise their grades in math, regardless of income.</li></ul>','1951-01-01',1);
/*!40000 ALTER TABLE `lecturers` ENABLE KEYS */;
UNLOCK TABLES;

--
-- Table structure for table `oncourse`
--

DROP TABLE IF EXISTS `oncourse`;
/*!40101 SET @saved_cs_client     = @@character_set_client */;
/*!50503 SET character_set_client = utf8mb4 */;
CREATE TABLE `oncourse` (
  `OnCourseID` int unsigned NOT NULL AUTO_INCREMENT,
  `l_ID` int NOT NULL,
  `CourseID` int NOT NULL,
  PRIMARY KEY (`OnCourseID`) USING BTREE,
  KEY `fk_oncourse_courses` (`CourseID`),
  KEY `fk_oncourse_lecturers` (`l_ID`)
) ENGINE=MyISAM AUTO_INCREMENT=23 DEFAULT CHARSET=utf8 COLLATE=utf8_unicode_ci;
/*!40101 SET character_set_client = @saved_cs_client */;

--
-- Dumping data for table `oncourse`
--

LOCK TABLES `oncourse` WRITE;
/*!40000 ALTER TABLE `oncourse` DISABLE KEYS */;
INSERT INTO `oncourse` VALUES (1,1,1),(2,2,2),(3,2,3),(4,1,4),(5,1,5),(6,2,6),(7,1,7),(8,2,8),(9,2,9),(10,1,10),(11,1,11),(12,1,2),(13,3,12),(14,3,13),(15,3,14),(16,3,15),(17,3,16),(18,3,17),(19,3,18),(20,3,19),(21,3,20),(22,3,21);
/*!40000 ALTER TABLE `oncourse` ENABLE KEYS */;
UNLOCK TABLES;

--
-- Table structure for table `students`
--

DROP TABLE IF EXISTS `students`;
/*!40101 SET @saved_cs_client     = @@character_set_client */;
/*!50503 SET character_set_client = utf8mb4 */;
CREATE TABLE `students` (
  `s_ID` int NOT NULL AUTO_INCREMENT,
  `s_Username` varchar(50) CHARACTER SET utf8 COLLATE utf8_unicode_ci NOT NULL,
  `s_Password` varchar(255) CHARACTER SET utf8 COLLATE utf8_unicode_ci NOT NULL,
  `s_Name` varchar(50) CHARACTER SET utf8 COLLATE utf8_unicode_ci NOT NULL,
  `s_Email` varchar(50) CHARACTER SET utf8 COLLATE utf8_unicode_ci NOT NULL,
  `s_DOB` date NOT NULL,
  `s_IsActive` tinyint(1) NOT NULL,
  PRIMARY KEY (`s_ID`) USING BTREE
) ENGINE=MyISAM AUTO_INCREMENT=7 DEFAULT CHARSET=utf8 COLLATE=utf8_unicode_ci;
/*!40101 SET character_set_client = @saved_cs_client */;

--
-- Dumping data for table `students`
--

LOCK TABLES `students` WRITE;
/*!40000 ALTER TABLE `students` DISABLE KEYS */;
INSERT INTO `students` VALUES (1,'anhkiet','$2a$10$1fMjz0icubV01/A4a/Gh.u6J3xbW4uswEwRvY39sW.cblaM3V0/4a','Hoang Anh Kiet','anhkiet@gmail.com','1999-12-22',1),(2,'quangkhanh','$2a$10$1fMjz0icubV01/A4a/Gh.u6J3xbW4uswEwRvY39sW.cblaM3V0/4a','Duong Hoang Quang Khanh','quangkhanh@gmail.com','1999-11-11',1),(3,'conghuy','$2a$10$1fMjz0icubV01/A4a/Gh.u6J3xbW4uswEwRvY39sW.cblaM3V0/4a','Nguyen Tran Cong Huy','conghuy@gmail.com','1999-02-28',1),(4,'anhkiet2212','$2a$10$ibD7Fef6DtueAFNT8Hs8D.qHJ510B8rtHCj09L1B3dsmCMjRFR2tW','Hoàng Anh Kiệt','hoanganhkiet22121999@gmail.com','2021-01-01',1);
/*!40000 ALTER TABLE `students` ENABLE KEYS */;
UNLOCK TABLES;

--
-- Table structure for table `watchlist`
--

DROP TABLE IF EXISTS `watchlist`;
/*!40101 SET @saved_cs_client     = @@character_set_client */;
/*!50503 SET character_set_client = utf8mb4 */;
CREATE TABLE `watchlist` (
  `wl_ID` int unsigned NOT NULL AUTO_INCREMENT,
  `s_ID` int NOT NULL,
  `CourseID` int NOT NULL,
  PRIMARY KEY (`wl_ID`) USING BTREE,
  KEY `fk_watchlist_students` (`s_ID`),
  KEY `fk_watchlist_courses` (`CourseID`)
) ENGINE=MyISAM AUTO_INCREMENT=5 DEFAULT CHARSET=utf8 COLLATE=utf8_unicode_ci;
/*!40101 SET character_set_client = @saved_cs_client */;

--
-- Dumping data for table `watchlist`
--

LOCK TABLES `watchlist` WRITE;
/*!40000 ALTER TABLE `watchlist` DISABLE KEYS */;
INSERT INTO `watchlist` VALUES (2,1,6),(3,1,1);
/*!40000 ALTER TABLE `watchlist` ENABLE KEYS */;
UNLOCK TABLES;
/*!40103 SET TIME_ZONE=@OLD_TIME_ZONE */;

/*!40101 SET SQL_MODE=@OLD_SQL_MODE */;
/*!40014 SET FOREIGN_KEY_CHECKS=@OLD_FOREIGN_KEY_CHECKS */;
/*!40014 SET UNIQUE_CHECKS=@OLD_UNIQUE_CHECKS */;
/*!40101 SET CHARACTER_SET_CLIENT=@OLD_CHARACTER_SET_CLIENT */;
/*!40101 SET CHARACTER_SET_RESULTS=@OLD_CHARACTER_SET_RESULTS */;
/*!40101 SET COLLATION_CONNECTION=@OLD_COLLATION_CONNECTION */;
/*!40111 SET SQL_NOTES=@OLD_SQL_NOTES */;

-- Dump completed on 2021-01-18 23:07:32
